geo\time	2004 	2003 	2002 	2001 	2000 	1999 	1998 	1997 	1996 	1995 
eu27	489885.3 	487576.2 	485506.8 	484261.3 	482766.5 	482750.1 	481840.7 	: 	480386.8 	479540.2 
ea13	314014.5 	311917.4 	309965.0 	308239.9 	306834.7 	305643.7 	304822.1 	: 	303498.9 	302688.6 
ea11	300955.8 	298898.2 	296981.7 	295298.0 	293927.0 	292775.6 	292004.6 	: 	290798.6 	290066.7 
be	10421.1 	10376.1 	10332.8 	10286.6 	10251.3 	10213.8 	10203.8 	10181.2 	10156.6 	10136.8 
be10	1003.3 	996.0 	985.2 	971.4 	961.9 s	954.5 	954.4 s	951.9 	949.4 	949.9 
be21	1672.8 	1665.0 	1656.8 	1649.1 	1644.8 s	1641.0 	1639.6 s	1636.7 	1633.4 	1630.0 
be22	807.9 	804.2 	800.6 	796.7 	793.0 s	787.5 	785.6 s	781.9 	777.6 	773.5 
be23	1376.9 	1371.9 	1368.4 	1365.2 	1362.6 s	1359.7 	1358.4 s	1356.2 	1353.3 	1350.6 
be24	1034.8 	1029.9 	1025.3 	1020.6 	1016.6 s	1011.6 	1009.7 s	1006.3 	1001.9 	997.2 
be25	1137.2 	1134.9 	1133.1 	1131.2 	1129.4 s	1127.1 	1126.2 s	1124.5 	1123.3 	1122.0 
be31	362.2 	359.4 	356.6 	353.6 	351.0 s	347.4 	345.8 s	343.0 	340.3 	337.8 
be32	1284.7 	1282.5 	1281.4 	1280.4 	1279.6 s	1280.4 	1281.8 s	1283.6 	1284.6 	1285.7 
be33	1031.8 	1027.7 	1025.0 	1022.1 	1019.7 s	1018.3 	1017.4 s	1015.9 	1014.3 	1014.4 
be34	255.1 	253.2 	251.4 	249.6 	247.8 s	245.1 	244.6 s	243.2 	241.9 	240.8 
be35	454.4 	451.6 	449.1 	446.8 	444.9 s	441.2 	440.3 s	438.1 	436.6 	435.1 
bg	7781.2 	7823.6 	7868.9 	7913.3 	8170.2 	8210.6 	8256.8 	8312.1 	8362.8 	8406.1 
bg31	982.9 	999.5 	1016.0 	1032.1 	1074.2 	1087.9 	1102.7 	1117.0 	1127.6 	1138.1 
bg32	962.9 	971.8 	980.7 	991.4 	1043.9 	1051.6 	1060.9 	1071.3 	1080.5 	1087.3 
bg33	1003.8 	1009.1 	1015.3 	1021.7 	1021.9 	1029.4 	1035.7 	1042.3 	1048.1 	1053.9 
bg34	1143.3 	1150.8 	1158.8 	1166.0 	1206.5 	1212.6 	1219.7 	1228.5 	1236.1 	1242.1 
bg41	2112.4 	2107.1 	2103.1 	2097.0 bi	2142.9 	2142.2 	2142.8 	2147.8 	2155.5 	2162.4 
bg42	1575.8 	1585.3 	1595.0 	1605.1 	1680.7 	1686.8 	1695.0 	1705.2 	1714.9 	1722.2 
cz	10216.0 	10207.4 	10200.8 	10224.2 	10272.5 	10282.8 	10294.9 	10303.6 	10315.4 	10330.8 
cz01	1168.1 	1163.8 	1158.8 	1164.7 	1183.9 	1190.0 	1196.9 	1202.6 	1207.3 	1212.7 
cz02	1139.9 	1132.2 	1125.7 	1124.3 	1113.1 	1109.8 	1107.2 	1105.5 	1106.0 	1107.5 
cz03	1175.5 	1175.1 	1174.1 	1175.9 	1177.6 	1178.3 	1179.5 	1180.5 	1181.5 	1183.3 
cz04	1125.9 	1124.5 	1123.2 	1124.1 	1131.6 	1131.5 	1131.5 	1130.5 	1130.3 	1130.7 
cz05	1480.5 	1481.5 	1483.0 	1486.6 	1489.0 	1490.2 	1491.3 	1491.9 	1492.7 	1493.8 
cz06	1640.2 	1639.8 	1640.7 	1645.9 	1657.7 	1659.5 	1661.0 	1661.7 	1663.4 	1665.1 
cz07	1227.0 	1229.0 	1230.9 	1234.0 	1239.6 	1240.9 	1242.4 	1244.3 	1245.7 	1243.2 
cz08	1258.9 	1261.5 	1264.3 	1268.6 	1280.0 	1282.6 	1285.2 	1286.6 	1288.5 	1294.6 
dk	5404.5 	5390.6 	5374.3 	5355.1 	5337.3 	5319.1 	5304.2 	5285.0 	5263.1 	5227.9 
dk00	5404.5 	5390.6 	5374.3 	5355.1 	5337.3 	5319.1 	5304.2 	5285.0 	5263.1 	5227.9 
de	82516.3 	82534.2 	82482.3 	82339.4 	82187.6 	82100.3 	82025.0 	82034.7 	81914.9 	81678.0 
de11	3998.9 	3989.8 	3975.2 	3950.2 	3923.1 	3907.7 	3893.4 	3885.3 	3872.1 	3851.9 
de12	2725.1 	2719.6 	2708.3 	2692.1 	2677.1 	2671.2 	2663.4 	2658.7 	2650.6 	2644.8 
de13	2181.9 	2174.6 	2163.6 	2146.3 	2130.6 	2119.9 	2110.6 	2103.2 	2093.4 	2079.0 
de14	1799.0 	1792.9 	1783.8 	1772.1 	1761.7 	1752.1 	1744.0 	1738.4 	1730.8 	1720.0 
de21	4203.4 	4182.7 	4154.4 	4112.5 	4055.9 	4014.8 	3994.0 	3991.8 	3984.8 	3968.8 
de22	1195.3 	1193.0 	1188.5 	1180.6 	1173.1 	1166.6 	1160.6 	1155.1 	1147.7 	1137.5 
de23	1090.1 	1089.4 	1087.2 	1082.2 	1076.1 	1071.7 	1066.9 	1062.4 	1057.2 	1050.9 
de24	1108.1 	1111.2 	1113.1 	1113.2 	1113.4 	1114.0 	1113.7 	1113.6 	1112.0 	1107.5 
de25	1707.8 	1705.2 	1700.9 	1693.8 	1685.4 	1680.9 	1678.0 	1675.9 	1670.8 	1663.8 
de26	1344.7 	1344.5 	1342.3 	1338.2 	1334.5 	1331.6 	1328.4 	1325.2 	1320.4 	1312.9 
de27	1784.3 	1779.4 	1771.8 	1760.0 	1749.2 	1741.1 	1734.8 	1731.1 	1725.7 	1716.5 
de30	3388.2 	3390.5 	3390.3 	3385.1 	3384.1 	3392.7 	3412.3 	3442.3 	3465.1 	3471.7 
de41	1165.7 	1168.9 	1172.3 	1176.7 	1179.0 	1176.1 	1167.3 	1156.8 	1147.8 	1142.5 
de42	1405.4 	1409.5 	1414.1 	1419.5 	1421.6 	1419.7 	1414.5 	1407.1 	1400.5 	1396.9 
de50	663.2 	662.6 	660.1 	660.3 	661.5 	665.5 	670.9 	675.8 	678.8 	679.9 
de60	1734.5 	1731.4 	1727.4 	1721.0 	1710.3 	1702.4 	1702.4 	1706.4 	1707.9 	1706.9 
de71	3769.0 	3762.4 	3755.1 	3742.5 	3727.7 	3711.2 	3700.3 	3696.1 	3689.6 	3677.3 
de72	1064.8 	1065.7 	1065.0 	1063.9 	1062.7 	1062.2 	1060.9 	1060.6 	1058.1 	1052.5 
de73	1259.7 	1262.5 	1264.9 	1266.5 	1267.9 	1270.1 	1272.2 	1272.8 	1270.9 	1265.5 
de80	1725.9 	1738.4 	1752.0 	1767.8 	1783.0 	1794.0 	1803.2 	1812.5 	1820.1 	1827.7 
de91	1660.8 	1664.0 	1666.6 	1667.1 	1668.8 	1669.7 	1671.8 	1675.8 	1678.7 	1679.1 
de92	2166.9 	2167.5 	2166.8 	2161.3 	2156.9 	2150.7 	2149.6 	2148.6 	2142.9 	2134.7 
de93	1700.7 	1695.3 	1687.5 	1677.0 	1666.0 	1653.3 	1638.3 	1623.5 	1609.2 	1591.6 
de94	2468.8 	2460.1 	2448.8 	2434.2 	2419.7 	2408.6 	2395.9 	2382.3 	2367.0 	2342.4 
dea1	5241.5 	5247.2 	5252.1 	5254.4 	5257.9 	5266.8 	5277.0 	5287.9 	5290.8 	5289.0 
dea2	4357.1 	4340.9 	4320.0 	4294.9 	4270.2 	4256.5 	4242.7 	4226.1 	4202.4 	4175.3 
dea3	2625.1 	2625.7 	2622.5 	2615.3 	2610.3 	2604.6 	2597.8 	2590.8 	2580.0 	2565.9 
dea4	2072.1 	2070.5 	2066.2 	2058.9 	2052.1 	2045.0 	2038.6 	2031.3 	2019.8 	2002.0 
dea5	3781.7 	3793.7 	3802.2 	3803.6 	3809.4 	3814.7 	3818.9 	3825.0 	3827.4 	3822.4 
deb1	1527.7 	1527.8 	1525.3 	1521.7 	1517.6 	1514.3 	1510.0 	1503.7 	1494.8 	1483.5 
deb2	513.8 	513.7 	512.8 	512.3 	510.8 	511.0 	509.8 	508.4 	506.5 	503.9 
deb3	2018.4 	2016.7 	2013.5 	2007.2 	2002.0 	2002.6 	2001.5 	1997.1 	1987.9 	1977.4 
dec0	1058.9 	1063.2 	1065.4 	1067.3 	1069.7 	1072.9 	1077.5 	1082.5 	1084.3 	1084.3 
ded1	1560.8 	1576.5 	1593.8 	1612.4 	1630.5 	1646.8 	1662.5 	1676.3 	1687.7 	1699.1 
ded2	1671.0 	1678.7 	1689.0 	1704.1 	1718.5 	1730.3 	1741.9 	1751.6 	1758.4 	1762.6 
ded3	1077.1 	1080.0 	1083.0 	1088.2 	1093.7 	1097.4 	1101.5 	1106.1 	1110.1 	1113.8 
dee1	513.3 	521.2 	529.5 	538.6 	548.3 	555.6 	562.0 	567.7 	571.7 	575.2 
dee2	829.2 	836.7 	845.8 	857.8 	870.2 	880.9 	890.1 	898.8 	906.2 	913.3 
dee3	1166.1 	1178.0 	1189.5 	1202.0 	1214.6 	1225.1 	1236.0 	1246.2 	1253.4 	1260.5 
def0	2826.0 	2819.8 	2810.1 	2795.9 	2782.3 	2771.7 	2761.3 	2749.4 	2733.9 	2716.9 
deg0	2364.2 	2382.6 	2401.8 	2421.0 	2440.3 	2456.0 	2448.3 	2484.6 	2497.5 	2510.9 
ee	1349.3 	1353.6 	1358.6 	1364.1 	1369.5 	1375.7 	1386.2 	1399.5 	1415.6 	1436.6 
ee00	1349.3 	1353.6 	1358.6 	1364.1 	1369.5 	1375.7 	1386.2 	1399.5 	1415.6 	1436.6 
ie	4068.5 	3995.7 	3917.2 	3838.9 	3786.9 	3744.7 	3704.9 	3660.6 	3626.1 	3601.3 
ie01	1086.0 	1063.3 	1038.2 	1011.9 	999.3 i	986.9 	978.8 	970.3 	965.2 	960.2 
ie02	2982.5 	2932.4 	2878.9 	2827.0 	2787.6 i	2757.8 	2726.0 	2690.2 	2660.9 	2641.1 
gr	11061.7 	11023.5 	10987.6 	10950.0 	10917.5 	10882.6 	10834.9 	10776.5 	10709.2 	10634.4 
gr11	606.7 	605.9 	606.5 	606.8 	606.1 	603.9 	601.4 	598.5 	595.3 	591.8 
gr12	1910.4 	1905.6 	1895.3 	1881.9 	1870.8 	1861.0 	1849.8 	1837.1 	1822.9 	1807.5 
gr13	294.5 	294.7 	294.7 	294.5 	294.3 	294.1 	293.8 	293.5 	293.0 	292.4 
gr14	737.5 	737.8 	738.7 	739.8 	741.1 	742.1 	742.6 	742.5 	741.9 	740.8 
gr21	341.4 	339.4 	337.6 	336.9 	336.5 	336.3 	335.9 	335.2 	334.3 	333.3 
gr22	219.5 	217.4 	214.7 	211.3 	209.1 	208.1 	207.0 	205.8 	204.4 	202.6 
gr23	731.3 	729.2 	726.4 	723.2 	721.9 	721.8 	721.1 	719.8 	717.9 	715.3 
gr24	558.9 	560.1 	560.3 	559.2 	559.7 	561.1 	561.4 	560.9 	559.6 	557.9 
gr25	598.7 	600.3 	600.5 	598.8 	598.2 	598.1 	596.9 	595.0 	592.4 	589.3 
gr30	3956.7 	3928.0 	3910.1 	3898.4 	3885.4 	3867.9 	3844.7 	3817.0 	3786.0 	3752.6 
gr41	202.8 	203.6 	204.3 	204.9 	205.1 	204.8 	204.4 	204.0 	203.5 	203.1 
gr42	302.8 	302.1 	300.9 	299.1 	297.0 	294.5 	291.5 	288.1 	284.4 	280.2 
gr43	600.6 	599.4 	597.7 	595.2 	592.4 	588.8 	584.4 	579.2 	573.6 	567.6 
es	42691.7 	42004.5 	41314.0 	40720.5 	40263.2 	39926.3 	39721.1 	39582.4 	39478.2 	39387.0 
es11	2709.1 	2703.0 	2696.8 	2695.5 	2690.9 	2686.8 	2691.8 	2698.6 	2707.1 	2715.5 
es12	1059.6 	1060.1 	1061.1 	1062.6 	1063.2 	1065.1 	1069.4 	1073.9 	1077.9 	1082.0 
es13	548.1 	542.4 	537.3 	533.9 	532.0 	530.3 	529.1 	528.6 	528.7 	528.9 
es21	2099.2 	2091.4 	2085.1 	2079.4 	2073.4 	2070.0 	2070.9 	2073.5 	2077.0 	2082.0 
es22	576.8 	568.8 	560.2 	553.6 	549.1 	544.6 	540.9 	537.9 	535.3 	532.4 
es23	291.4 	285.2 	279.4 	273.8 	269.5 	266.6 	264.7 	263.9 	263.5 	263.3 
es24	1236.2 	1222.5 	1209.9 	1201.0 	1197.2 	1195.8 	1195.6 	1195.8 	1196.0 	1196.1 
es30	5763.3 	5639.5 	5499.8 	5350.2 	5230.1 	5157.2 	5112.1 	5085.4 	5065.2 	5047.4 
es41	2465.7 	2460.4 	2456.6 	2456.6 	2461.5 	2469.7 	2480.8 	2491.7 	2501.9 	2511.5 
es42	1839.9 	1806.7 	1775.3 	1750.3 	1734.6 	1724.1 	1716.2 	1709.8 	1704.2 	1697.2 
es43	1067.5 	1063.8 	1059.8 	1059.0 	1058.6 	1058.0 	1059.7 	1061.4 	1062.6 	1063.5 
es51	6710.8 	6565.1 	6418.4 	6314.7 	6251.2 	6199.8 	6168.3 	6144.5 	6126.7 	6112.2 
es52	4459.3 	4341.8 	4223.2 	4118.2 	4041.6 	3988.3 	3954.6 	3935.2 	3922.3 	3910.9 
es53	944.9 	919.0 	889.6 	861.4 	836.2 	810.6 	788.4 	771.3 	759.1 	748.0 
es61	7611.7 	7502.8 	7406.5 	7332.0 	7272.6 	7222.3 	7189.4 	7162.6 	7137.4 	7112.6 
es62	1283.0 	1249.5 	1215.8 	1183.8 	1158.6 	1140.5 	1126.5 	1114.6 	1103.7 	1093.8 
es63	71.4 	71.4 	71.5 	71.5 	71.2 	71.0 	70.7 	70.4 	70.1 	69.8 
es64	67.0 	66.8 	66.6 	66.2 	65.4 	64.6 	63.7 	62.9 	62.0 	61.1 
es70	1886.8 	1844.1 	1801.3 	1756.7 	1706.5 	1660.9 	1628.2 	1600.4 	1577.5 	1558.9 
fr	62444.7 	61932.5 	61530.2 	61120.2 	60714.0 	60296.7 	60047.3 	: 	59673.8 	59463.4 
fr10	11359.6 	11258.5 	11190.1 	11118.3 	11045.8 	10962.4 	10929.4 s	10904.7 	10890.3 	10872.0 
fr21	1338.2 	1337.0 	1337.6 	1338.3 	1340.4 	1342.9 	1344.8 s	1347.2 	1348.6 	1349.6 
fr22	1879.0 	1874.4 	1872.2 	1868.7 	1865.1 	1860.4 	1857.2 s	1856.0 	1853.8 	1849.2 
fr23	1804.1 	1800.1 	1795.9 	1792.3 	1788.2 	1783.6 	1780.0 s	1778.0 	1775.5 	1772.8 
fr24	2492.1 	2478.2 	2469.8 	2460.8 	2451.7 	2444.8 	2439.3 s	2435.3 	2428.3 	2421.4 
fr25	1444.3 	1439.6 	1435.5 	1432.1 	1428.9 	1424.3 	1420.4 s	1417.5 	1413.9 	1410.0 
fr26	1621.9 	1622.0 	1618.6 	1615.5 	1613.3 	1611.2 	1612.0 s	1613.9 	1614.7 	1615.3 
fr30	4029.6 	4024.4 	4016.8 	4010.2 	4005.0 	4001.3 	3996.5 s	3995.2 	3993.3 	3989.1 
fr41	2332.9 	2328.2 	2323.6 	2319.7 	2316.4 	2312.1 	2312.1 s	2314.5 	2316.2 	2315.8 
fr42	1800.5 	1789.2 	1779.8 	1768.4 	1754.2 	1739.8 	1726.3 s	1715.5 	1705.2 	1693.5 
fr43	1140.1 	1136.0 	1130.2 	1125.0 	1120.9 	1118.4 	1116.6 s	1115.4 	1114.3 	1112.7 
fr51	3386.4 	3345.9 	3319.6 	3289.9 	3260.6 	3231.2 	3210.2 s	3191.6 	3173.4 	3155.1 
fr52	3049.8 	3007.5 	2981.3 	2957.2 	2934.9 	2911.9 	2896.2 s	2879.5 	2862.2 	2847.3 
fr53	1700.6 	1685.3 	1673.6 	1663.2 	1653.4 	1643.1 	1637.4 s	1631.7 	1626.0 	1621.6 
fr61	3067.2 	3030.4 	3002.6 	2973.7 	2944.6 	2914.9 	2897.8 s	2883.0 	2870.8 	2860.2 
fr62	2721.1 	2684.4 	2652.4 	2621.1 	2590.4 	2558.8 	2542.0 s	2527.2 	2513.8 	2501.0 
fr63	723.4 	720.3 	718.3 	716.3 	713.8 	711.3 	712.0 s	713.4 	714.7 	716.2 
fr71	5933.1 	5866.7 	5811.4 	5758.2 	5706.7 	5658.7 	5624.5 s	5595.0 	5566.5 	5538.7 
fr72	1329.8 	1324.5 	1321.0 	1317.2 	1313.4 	1309.8 	1309.5 s	1310.0 	1310.6 	1311.6 
fr81	2481.5 	2445.6 	2412.7 	2377.7 	2341.4 	2303.0 	2283.1 s	2261.6 	2239.4 	2219.3 
fr82	4732.0 	4684.7 	4645.8 	4602.5 	4559.2 	4518.3 	4491.0 s	4465.6 	4438.9 	4416.0 
fr83	275.7 	271.8 	269.2 	266.7 	264.2 	260.5 	259.8 s	259.3 	259.1 	258.8 
fr91	442.0 	444.9 	439.6 	434.4 	429.2 	423.6 	418.9 	: 	425.2 	419.5 
fr92	394.5 	393.5 	390.7 	387.8 	385.0 	382.1 	379.0 	: 	389.9 	385.6 
fr93	196.0 	181.4 	175.4 	169.5 	163.9 	158.4 	153.0 	: 	159.7 	152.3 
fr94	768.9 	757.8 	746.6 	735.4 	723.4 	709.9 	698.2 	: 	669.7 	658.9 
it	58175.3 	57604.7 	57157.5 	56980.7 	56948.6 	56921.6 	56911.0 	56893.8 	56862.8 	56846.1 
itc1	4300.2 	4250.8 	4222.3 	4216.4 	4222.3 	4228.8 	4235.6 	4242.0 	4247.9 	4255.8 
itc2	122.5 	121.5 	120.2 	119.4 	119.1 	118.7 	118.3 	117.8 	117.3 	116.9 
itc3	1584.9 	1574.8 	1571.1 	1574.6 	1583.4 	1592.9 	1603.1 	1613.6 	1624.0 	1635.2 
itc4	9319.9 	9177.7 	9071.1 	9018.8 	8987.6 	8957.9 	8933.5 	8912.0 	8891.4 	8878.7 
itd1	474.4 	469.5 	465.3 	462.2 	459.8 	457.2 	454.7 	452.1 	449.5 	447.3 
itd2	494.2 	487.0 	480.3 	475.8 	472.4 	468.8 	465.5 	462.4 	459.6 	457.1 
itd3	4671.4 	4610.2 	4553.6 	4519.2 	4496.8 	4474.6 	4454.3 	4435.4 	4417.9 	4404.7 
itd4	1201.5 	1194.9 	1187.6 	1182.4 	1179.7 	1177.7 	1177.1 	1177.5 	1179.1 	1181.7 
itd5	4115.9 	4055.4 	4007.4 	3975.4 	3955.9 	3936.3 	3921.2 	3910.7 	3901.6 	3896.1 
ite1	3582.2 	3541.2 	3506.7 	3496.1 	3493.3 	3491.1 	3491.6 	3493.8 	3496.5 	3501.7 
ite2	853.5 	841.1 	830.2 	825.2 	822.5 	819.8 	818.2 	816.9 	815.1 	813.9 
ite3	1511.8 	1494.7 	1477.9 	1467.5 	1460.7 	1454.8 	1449.5 	1444.7 	1440.4 	1436.8 
ite4	5237.6 	5175.5 	5131.4 	5118.1 	5119.3 	5122.5 	5130.7 	5139.6 	5146.2 	5151.6 
itf1	1292.6 	1279.6 	1267.8 	1261.8 	1261.2 	1260.8 	1259.8 	1258.3 	1256.5 	1254.9 
itf2	321.8 	321.4 	320.8 	321.0 	322.1 	323.4 	324.9 	326.3 	327.6 	328.7 
itf3	5774.7 	5742.7 	5713.2 	5705.1 	5713.2 	5720.2 	5723.2 	5719.5 	5709.5 	5697.8 
itf4	4054.6 	4032.5 	4021.7 	4023.2 	4030.9 	4038.8 	4046.8 	4052.6 	4055.7 	4056.6 
itf5	596.8 	596.9 	597.1 	598.4 	600.4 	602.5 	604.6 	606.5 	608.0 	609.4 
itf6	2010.3 	2009.4 	2008.5 	2014.5 	2024.0 	2035.0 	2046.0 	2053.6 	2059.4 	2063.5 
itg1	5008.2 	4987.7 	4968.9 	4972.7 	4987.0 	4999.5 	5007.8 	5010.7 	5009.8 	5007.1 
itg2	1646.6 	1640.4 	1634.2 	1632.9 	1636.8 	1640.3 	1644.3 	1647.8 	1649.8 	1650.8 
cy	740.0 	722.8 	710.3 	701.5 	694.0 	686.7 	679.0 	670.8 	661.3 	650.9 
cy00	740.0 	722.8 	710.3 	701.5 	694.0 	686.7 	679.0 	670.8 	661.3 	650.9 
lv	2312.8 	2325.3 	2338.6 	2355.0 	2373.0 	2390.5 	2410.0 	2432.9 	2457.2 	2485.1 
lv00	2312.8 	2325.3 	2338.6 	2355.0 	2373.0 	2390.5 	2410.0 	2432.9 	2457.2 	2485.1 
lt	3435.6 	3454.2 	3469.1 	3481.3 	3499.5 	3524.2 	3549.3 	3575.1 	3601.6 	3629.1 
lt00	3435.6 	3454.2 	3469.1 	3481.3 	3499.5 	3524.2 	3549.3 	3575.1 	3601.6 	3629.1 
lu	453.0 	450.0 	446.2 	441.5 	436.3 	430.5 	424.7 	419.5 	414.2 	408.6 
lu00	453.0 	450.0 	446.2 	441.5 	436.3 	430.5 	424.7 	419.5 	414.2 	408.6 
hu	10107.1 	10129.6 	10158.6 	10187.6 	10210.9 	10067.5 	10113.6 	10154.9 	10193.4 	10229.0 
hu10	2835.3 	2827.2 	2826.9 	2830.1 	2838.5 	2850.6 	2862.3 	2874.1 	2886.3 	2897.6 
hu21	1111.9 	1113.3 	1119.1 	1120.7 	1119.9 	1109.6 	1112.3 	1113.6 	1115.1 	1116.8 
hu22	1001.8 	1003.8 	1001.7 	1003.4 	1004.2 	985.5 	989.7 	993.4 	996.8 	999.5 
hu23	980.5 	986.5 	991.4 	995.6 	998.7 	977.5 	982.9 	988.0 	993.0 	998.7 
hu31	1275.6 	1284.5 	1292.7 	1299.7 	1303.7 	1272.7 	1280.2 	1287.4 	1293.7 	1300.1 
hu32	1544.4 	1550.6 	1556.6 	1561.4 	1563.9 	1526.4 	1532.5 	1537.1 	1541.0 	1544.1 
hu33	1357.6 	1363.6 	1370.1 	1376.8 	1381.9 	1345.3 	1353.8 	1361.2 	1367.4 	1372.2 
mt	401.3 	398.6 	396.0 	393.0 	389.9 	383.7 	377.5 	375.2 	372.6 	370.3 
mt00	401.3 	398.6 	396.0 	393.0 	389.9 	383.7 	377.5 	375.2 	372.6 	370.3 
nl	16281.8 	16225.3 	16148.9 	16046.2 	15925.5 	15812.1 	15707.2 	15610.7 	15530.5 	15459.0 
nl11	574.7 	573.7 	571.7 	568.5 	564.6 	561.3 	559.0 	558.0 	558.1 	558.1 
nl12	642.5 	640.9 	638.0 	633.4 	627.5 	622.9 	619.7 	616.6 	613.5 	610.8 
nl13	482.9 	481.8 	480.0 	476.7 	472.2 	468.5 	465.9 	462.8 	459.1 	456.1 
nl21	1107.5 	1103.1 	1097.4 	1090.2 	1082.0 	1074.0 	1067.0 	1060.7 	1056.0 	1052.2 
nl22	1969.5 	1963.7 	1954.8 	1941.8 	1926.7 	1913.0 	1901.2 	1891.1 	1881.2 	1870.5 
nl23	362.9 	355.8 	346.7 	335.3 	323.1 	311.8 	299.9 	287.4 	277.2 	267.6 
nl31	1166.8 	1157.2 	1146.1 	1123.7 	1112.9 	1103.3 	1093.7 	1083.8 	1075.0 	1067.0 
nl32	2593.2 	2580.2 	2566.3 	2542.6 	2526.5 	2510.8 	2494.6 	2480.4 	2471.6 	2466.0 
nl33	3455.2 	3446.0 	3431.9 	3432.0 	3409.2 	3388.3 	3368.9 	3351.9 	3338.8 	3329.0 
nl34	379.5 	378.7 	377.8 	376.1 	373.4 	371.2 	370.3 	369.2 	367.9 	366.6 
nl41	2409.2 	2403.6 	2395.7 	2383.1 	2365.6 	2346.9 	2328.5 	2311.7 	2297.3 	2283.3 
nl42	1138.0 	1140.6 	1142.6 	1143.0 	1141.9 	1140.2 	1138.6 	1137.1 	1134.9 	1131.9 
at	8173.3 	8121.1 	8083.7 	8043.0 	8011.6 	7992.3 	7976.8 	7968.0 	7959.0 	7948.3 
at11	277.4 	276.6 	276.7 	276.4 	276.1 	276.5 	277.0 	277.4 	277.7 	277.7 
at12	1563.3 	1553.3 	1547.7 	1542.6 	1537.3 	1532.9 	1528.8 	1525.6 	1523.5 	1520.6 
at13	1612.5 	1591.2 	1573.3 	1558.3 	1551.2 	1545.4 	1541.6 	1541.5 	1540.6 	1540.8 
at21	559.5 	559.4 	560.5 	560.4 	560.1 	560.8 	561.0 	561.3 	561.7 	561.3 
at22	1194.8 	1191.0 	1190.1 	1186.3 	1182.7 	1183.1 	1183.7 	1184.3 	1185.1 	1185.8 
at31	1392.7 	1386.9 	1382.5 	1376.7 	1371.6 	1368.3 	1365.4 	1363.8 	1362.6 	1361.0 
at32	524.6 	521.7 	519.1 	516.4 	513.9 	512.0 	511.1 	510.5 	509.2 	507.5 
at33	689.1 	684.2 	679.4 	674.1 	669.5 	665.8 	662.5 	659.3 	655.5 	651.6 
at34	359.4 	356.8 	354.4 	351.7 	349.3 	347.4 	345.8 	344.4 	343.1 	342.0 
pl	38182.2 	38204.6 	38232.3 	38250.8 	38255.9 	38653.6 	38666.1 	38649.9 	38618.0 	38587.6 
pl11	2592.4 	2602.2 	2612.2 	2622.7 	2632.2 	2657.6 	2668.4 	2676.6 	2683.4 	2689.2 
pl12	5140.9 	5132.2 	5124.9 	5118.1 	5111.4 	5064.9 	5065.5 	5061.5 	5059.5 	5056.7 
pl21	3256.6 	3245.1 	3233.5 	3226.7 	3215.2 	3218.6 	3211.4 	3200.5 	3194.0 	3183.2 
pl22	4707.9 	4723.3 	4741.5 	4758.2 	4775.9 	4874.7 	4889.8 	4899.6 	4905.8 	4914.9 
pl31	2188.2 	2194.1 	2199.0 	2204.4 	2207.4 	2237.3 	2241.2 	2243.6 	2243.8 	2244.4 
pl32	2097.6 	2101.1 	2104.3 	2102.6 	2100.6 	2123.8 	2120.2 	2115.1 	2108.0 	2102.6 
pl33	1290.1 	1293.7 	1297.4 	1301.1 	1303.5 	1324.0 	1327.2 	1329.5 	1330.4 	1331.1 
pl34	1203.8 	1206.4 	1208.6 	1210.2 	1211.6 	1222.9 	1223.8 	1223.6 	1221.9 	1220.8 
pl41	3362.6 	3357.6 	3352.6 	3347.7 	3342.0 	3353.1 	3348.1 	3342.5 	3334.7 	3327.6 
pl42	1695.5 	1696.9 	1698.4 	1698.7 	1697.5 	1732.1 	1731.2 	1727.4 	1722.4 	1718.1 
pl43	1009.0 	1008.5 	1009.1 	1008.9 	1008.3 	1023.0 	1021.4 	1019.0 	1015.6 	1013.4 
pl51	2895.7 	2901.5 	2907.3 	2910.7 	2914.6 	2979.7 	2984.3 	2986.6 	2988.2 	2987.7 
pl52	1053.6 	1058.3 	1064.4 	1068.7 	1072.5 	1088.7 	1090.6 	1091.9 	1092.5 	1094.5 
pl61	2068.2 	2068.7 	2069.6 	2068.2 	2069.2 	2100.3 	2099.0 	2097.0 	2094.1 	2091.2 
pl62	1428.8 	1428.7 	1428.6 	1428.1 	1425.4 	1464.4 	1462.1 	1458.9 	1454.7 	1451.0 
pl63	2191.5 	2186.3 	2180.8 	2175.8 	2168.6 	2188.8 	2182.0 	2176.6 	2169.1 	2161.3 
pt	10502.0 	10441.1 	10368.4 	10293.0 	10225.8 	10171.9 	10129.3 	10091.1 	10057.9 	10030.4 
pt11	3719.6 	3701.9 	3679.7 	3655.7 	3632.5 	3612.4 	3594.9 	3578.5 	3563.4 	3548.9 
pt15	408.4 	401.9 	394.7 	387.2 	379.6 	372.6 	366.3 	360.4 	355.4 	351.5 
pt16	2371.7 	2360.6 	2347.1 	2332.4 	2318.8 	2307.6 	2298.7 	2290.7 	2284.0 	2278.8 
pt17	2750.5 	2727.4 	2700.7 	2674.3 	2652.5 	2636.3 	2624.4 	2614.2 	2604.5 	2596.6 
pt18	767.6 	767.8 	767.3 	766.1 	765.2 	764.6 	764.6 	764.9 	765.7 	767.0 
pt20	240.6 	239.4 	238.2 	237.3 	237.1 	237.3 	237.4 	237.6 	238.0 	238.5 
pt30	243.6 	242.1 	240.8 	240.1 	240.1 	241.2 	242.9 	244.8 	246.9 	249.1 
ro	21684.9 	21742.0 	21803.1 	22411.1 	22443.0 	22458.0 	22502.8 	22545.9 	22607.6 	22681.0 
ro11	2743.0 	2746.8 	2756.5 	2839.1 	2847.2 	2847.5 	2855.6 	2861.5 	2872.9 	2883.3 
ro12	2538.5 	2545.9 	2549.8 	2640.2 	2643.3 	2641.1 	2646.7 	2660.7 	2666.3 	2678.1 
ro21	3739.2 	3744.6 	3745.1 	3835.5 	3825.7 	3832.7 	3824.8 	3785.5 	3788.2 	3784.6 
ro22	2852.5 	2859.2 	2867.7 	2935.2 	2935.6 	2946.2 	2949.4 	2943.3 	2948.8 	2954.6 
ro31	3344.2 	3359.4 	3376.1 	3462.6 	3469.3 	3488.5 	3499.8 	3496.6 	3510.8 	3524.9 
ro32	2209.0 	2208.2 	2211.0 	2268.9 	2279.3 	2255.2 	2264.2 	2304.9 	2314.8 	2332.6 
ro41	2319.5 	2330.5 	2342.2 	2397.2 	2401.5 	2416.0 	2424.2 	2419.7 	2429.3 	2437.1 
ro42	1939.1 	1947.3 	1954.8 	2032.2 	2041.2 	2030.8 	2038.1 	2073.7 	2076.7 	2085.6 
si	1997.0 	1995.7 	1995.7 	1992.0 	1990.3 	1985.6 	1982.6 	1986.8 	1991.2 	1987.5 
si00	1997.0 	1995.7 	1995.7 	1992.0 	1990.3 	1985.6 	1982.6 	1986.8 	1991.2 	1987.5 
sk	5382.4 	5379.6 	5378.6 	5379.8 	5400.6 	5395.1 	5390.7 	5383.2 	5373.8 	5373.8 
sk01	600.5 	599.8 	599.0 	599.1 	617.2 	617.0 	618.3 	619.0 	618.6 	618.6 
sk02	1863.9 	1864.7 	1866.7 	1869.7 	1875.6 	1876.5 	1877.0 	1876.6 	1876.1 	1876.1 
sk03	1352.5 	1352.8 	1353.5 	1354.5 	1355.6 	1355.0 	1353.9 	1352.7 	1350.6 	1350.6 
sk04	1565.6 	1562.4 	1559.4 	1556.5 	1552.2 	1546.7 	1541.5 	1534.9 	1528.5 	1528.5 
fi	5228.2 	5213.0 	5200.6 	5188.0 	5176.2 	5165.5 	5153.5 	5139.8 	5124.6 	5107.8 
fi13	668.2 	670.9 	674.5 	678.7 	683.5 	688.8 	694.1 	699.2 	703.2 	706.2 
fi18	2575.1 	2563.5 	2551.2 	2536.7 	2521.2 	2504.9 	2486.5 	2467.5 	2449.4 	2432.0 
fi19	1327.8 	1323.4 	1320.5 	1318.4 	1317.3 	1317.2 	1317.0 	1316.4 	1315.4 	1314.3 
fi1a	630.6 	628.9 	628.3 	628.3 	628.4 	628.9 	630.3 	631.4 	631.3 	630.1 
fi20	26.4 	26.3 	26.1 	25.9 	25.7 	25.7 	25.5 	25.3 	25.2 	25.2 
se	8993.5 	8958.2 	8925.0 	8896.0 	8872.1 	8857.9 	8851.0 	8846.1 	8844.5 	8837.5 
se01	1866.9 	1855.7 	1844.7 	1831.0 	1813.3 	1793.4 	1773.2 	1753.6 	1744.3 	1725.8 
se02	1512.2 	1506.6 	1500.4 	1494.7 	1491.2 	1491.4 	1488.9 	1496.7 	1498.0 	1501.1 
se04	1306.9 	1298.8 	1290.8 	1283.2 	1277.1 	1273.1 	1270.1 	1267.3 	1266.3 	1264.5 
se06	826.6 	827.0 	828.1 	830.8 	835.2 	840.7 	846.7 	853.6 	857.1 	862.5 
se07	371.7 	372.0 	373.0 	375.1 	378.2 	381.8 	390.6 	389.3 	391.1 	393.9 
se08	509.1 	508.8 	509.2 	510.7 	513.3 	516.5 	519.9 	522.9 	524.2 	526.5 
se09	799.1 	797.7 	796.7 	796.9 	797.8 	800.1 	803.5 	806.7 	808.2 	811.5 
se0a	1801.0 	1791.5 	1782.2 	1773.6 	1766.0 	1760.9 	1758.2 	1756.0 	1755.1 	1751.8 
uk	59879.9 	59568.8 	59327.7 	59108.7 	58643.2 	59500.9 	59236.5 	59009.0 	58801.0 	58606.0 
ukc1	1149.0 	1147.1 	1146.1 	1146.2 	1135.4 eir	1162.7 s	1164.1 s	1167.0 	1168.2 	1169.4 
ukc2	1397.9 	1393.4 	1392.7 	1394.2 	1387.3 eir	1418.6 s	1425.5 s	1434.9 	1438.8 	1442.5 
ukd1	494.6 	490.6 	488.3 	487.7 	488.1 eir	491.8 s	492.9 s	492.2 	491.2 	491.1 
ukd2	992.3 	989.7 	986.3 	983.9 	981.7 eir	982.5 s	984.3 s	982.7 	980.6 	978.5 
ukd3	2539.2 	2530.9 	2523.0 	2517.8 	2486.8 eir	2577.0 s	2577.4 s	2578.1 	2581.1 	2582.6 
ukd4	1434.6 	1429.0 	1422.9 	1417.8 	1412.9 eir	1425.5 s	1426.8 s	1427.4 	1427.7 	1427.5 
ukd5	1365.7 	1364.9 	1365.6 	1368.7 	1367.6 eir	1403.6 s	1409.4 s	1419.4 	1426.1 	1433.2 
uke1	886.9 	882.1 	878.2 	875.8 	867.5 eir	881.6 s	883.1 s	887.2 	889.4 	890.8 
uke2	764.4 	759.7 	755.5 	750.8 	745.0 eir	747.6 s	742.4 s	737.4 	733.8 	729.6 
uke3	1278.8 	1273.2 	1269.3 	1267.1 	1267.0 eir	1302.4 s	1304.1 s	1306.9 	1306.4 	1306.9 
uke4	2107.7 	2097.6 	2090.1 	2082.6 	2070.2 eir	2115.4 s	2113.3 s	2113.3 	2111.0 	2108.5 
ukf1	2014.0 	2004.9 	1994.5 	1985.0 	1970.5 eir	2006.8 s	2001.7 s	1999.1 	1995.0 	1990.8 
ukf2	1592.8 	1581.7 	1570.9 	1559.5 	1545.8 eir	1555.8 s	1544.5 s	1538.2 	1529.5 	1519.6 
ukf3	672.8 	665.2 	656.6 	648.0 	640.9 eir	628.6 s	623.1 s	618.7 	614.9 	609.8 
ukg1	1256.1 	1245.3 	1234.6 	1224.0 	1215.8 eir	1216.1 s	1212.8 s	1203.3 	1197.0 	1196.6 
ukg2	1500.2 	1496.2 	1492.9 	1488.9 	1484.3 eir	1493.0 s	1491.5 s	1483.4 	1479.0 	1476.1 
ukg3	2582.0 	2578.0 	2574.7 	2570.9 	2559.9 eir	2626.5 s	2628.2 s	2641.1 	2644.1 	2637.0 
ukh1	2239.9 	2216.9 	2195.9 	2181.9 	2173.6 eir	2196.0 s	2181.1 s	2155.5 	2135.9 	2117.6 
ukh2	1620.2 	1613.5 	1608.2 	1601.9 	1592.8 eir	1605.2 s	1590.2 s	1573.5 	1563.3 	1555.3 
ukh3	1636.7 	1629.5 	1623.0 	1615.8 	1608.5 eir	1617.7 s	1605.6 s	1593.4 	1584.4 	1576.4 
uki1	2938.1 	2908.0 	2886.9 	2853.9 	2722.4 eir	2817.1 s	2760.6 s	2722.3 	2696.8 	2673.8 
uki2	4502.8 	4486.0 	4476.3 	4459.3 	4382.0 eir	4468.0 s	4426.6 s	4388.1 	4355.2 	4325.5 
ukj1	2123.3 	2112.4 	2105.6 	2100.8 	2088.5 eir	2116.2 s	2098.8 s	2079.4 	2060.0 	2036.1 
ukj2	2579.7 	2570.3 	2563.3 	2557.1 	2548.1 eir	2593.1 s	2559.6 s	2536.2 	2517.0 	2502.5 
ukj3	1802.8 	1795.9 	1788.7 	1781.2 	1770.8 eir	1781.0 s	1770.9 s	1760.7 	1750.1 	1739.0 
ukj4	1610.4 	1600.1 	1590.3 	1581.3 	1574.7 eir	1587.2 s	1574.6 s	1564.3 	1556.8 	1551.4 
ukk1	2206.2 	2191.6 	2179.9 	2171.8 	2155.6 eir	2180.4 s	2162.1 s	2146.0 	2133.5 	2123.7 
ukk2	1212.5 	1206.5 	1199.4 	1192.0 	1185.3 eir	1185.6 s	1180.5 s	1171.4 	1164.0 	1157.3 
ukk3	516.9 	513.2 	508.0 	502.4 	497.5 eir	494.7 s	490.4 s	486.3 	483.8 	482.0 
ukk4	1100.3 	1089.8 	1082.2 	1076.6 	1070.8 eir	1075.0 s	1068.4 s	1063.4 	1060.7 	1057.9 
ukl1	1873.9 	1867.9 	1860.8 	1855.7 	1851.5 eir	1867.2 s	1867.5 s	1873.1 	1875.4 	1878.1 
ukl2	1076.4 	1070.1 	1062.9 	1057.0 	1048.6 eir	1069.8 s	1065.8 s	1055.9 	1048.2 	1041.8 
ukm1	502.0 	501.3 	501.7 	503.2 	504.5 eir	504.4 s	504.1 s	508.1 	510.8 	512.3 
ukm2	1920.9 	1910.1 	1905.1 	1903.4 	1900.5 eir	1900.0 s	1894.5 s	1897.8 	1894.4 	1895.1 
ukm3	2282.1 	2281.3 	2282.9 	2286.3 	2287.9 eir	2345.9 s	2351.9 s	2353.7 	2358.5 	2365.0 
ukm4	372.2 	369.4 	368.1 	368.7 	370.0 eir	368.9 s	369.5 s	371.6 	372.5 	373.0 
ukn0	1711.9 	1703.1 	1696.3 	1689.6 	1682.9 eir	1691.8 s	1688.6 s	1677.7 	1666.0 	1651.8 
hr	4442.8 	4442.3 	4443.7 	4441.0 	: 	: 	: 	: 	: 	: 
hr01	1664.3 	1661.8 	1661.1 	1660.2 	: 	: 	: 	: 	: 	: 
hr02	1330.6 	1338.5 	1345.7 	1350.3 	: 	: 	: 	: 	: 	: 
hr03	1447.9 	1441.9 	1436.9 	1430.6 	: 	: 	: 	: 	: 	: 
tr	71151.0 	70231.0 	69304.1 	68366.8 	67392.5 	66339.0 	65215.1 	64063.2 	62911.1 	61770.6 
tr10	11045.5 	10760.7 	10478.5 	10198.5 	9916.7 	9627.2 	9331.9 	9036.9 	8746.6 	8462.5 
tr21	1395.7 	1384.6 	1373.1 	1361.2 	1348.4 	1333.8 	1317.6 	1300.5 	1283.2 	1266.0 
tr22	1559.8 	1555.0 	1549.7 	1543.7 	1536.4 	1526.9 	1515.2 	1502.4 	1489.1 	1475.5 
tr31	3588.9 	3528.7 	3468.6 	3408.2 	3346.4 	3281.0 	3212.5 	3143.0 	3074.0 	3005.9 
tr32	2619.7 	2591.3 	2562.6 	2533.3 	2502.4 	2468.4 	2431.6 	2393.6 	2355.4 	2317.4 
tr33	3099.3 	3086.7 	3073.2 	3058.4 	3041.2 	3019.6 	2994.0 	2966.1 	2937.3 	2908.1 
tr41	3223.7 	3169.0 	3114.3 	3059.5 	3003.3 	2944.0 	2881.9 	2818.9 	2756.4 	2694.8 
tr42	2842.9 	2808.0 	2772.8 	2737.1 	2699.8 	2659.3 	2615.8 	2571.2 	2526.5 	2482.1 
tr51	4252.0 	4184.7 	4117.3 	4049.5 	3979.9 	3905.9 	3828.1 	3749.1 	3670.4 	3592.7 
tr52	2583.1 	2542.4 	2501.6 	2460.6 	2418.4 	2373.6 	2326.5 	2278.6 	2230.9 	2183.8 
tr61	2729.9 	2663.5 	2597.6 	2532.1 	2466.1 	2398.0 	2328.4 	2258.7 	2190.0 	2122.7 
tr62	3719.0 	3658.9 	3598.6 	3538.2 	3476.1 	3410.2 	3341.1 	3270.9 	3201.1 	3132.2 
tr63	2789.1 	2769.0 	2748.2 	2726.6 	2703.0 	2675.8 	2645.2 	2612.9 	2580.1 	2547.2 
tr71	1717.7 	1710.6 	1702.9 	1694.6 	1684.9 	1672.8 	1658.4 	1642.8 	1626.8 	1610.4 
tr72	2523.9 	2517.4 	2510.0 	2501.4 	2490.8 	2476.5 	2458.7 	2439.0 	2418.4 	2397.4 
tr81	958.7 	977.5 	995.3 	1012.2 	1027.7 	1041.0 	1052.3 	1062.1 	1070.9 	1078.8 
tr82	815.5 	831.4 	846.4 	860.7 	873.8 	885.0 	894.5 	902.8 	910.1 	916.8 
tr83	2983.9 	2989.0 	2992.7 	2994.7 	2993.9 	2988.3 	2978.1 	2965.2 	2950.9 	2935.6 
tr90	3171.4 	3161.0 	3149.5 	3136.7 	3121.4 	3101.4 	3077.2 	3050.7 	3023.1 	2995.0 
tra1	1357.9 	1356.4 	1354.5 	1351.8 	1348.0 	1342.2 	1334.4 	1325.5 	1316.0 	1306.3 
tra2	1157.6 	1157.3 	1156.7 	1155.6 	1153.8 	1150.5 	1145.9 	1140.6 	1134.9 	1129.1 
trb1	1815.8 	1803.4 	1790.6 	1777.5 	1763.5 	1747.3 	1729.3 	1710.5 	1691.6 	1672.9 
trb2	2105.1 	2064.0 	2023.0 	1982.1 	1940.5 	1897.0 	1851.9 	1806.4 	1761.4 	1717.1 
trc1	2139.1 	2107.3 	2075.5 	2043.4 	2010.3 	1974.9 	1937.6 	1899.5 	1861.6 	1824.1 
trc2	3055.3 	2986.3 	2917.7 	2849.5 	2780.5 	2709.1 	2635.6 	2562.0 	2489.3 	2418.0 
trc3	1900.3 	1866.7 	1833.2 	1799.6 	1765.3 	1729.1 	1691.4 	1653.2 	1615.3 	1578.0 
is	292.0 	290.0 	288.0 	285.0 	281.0 	277.0 	274.0 	271.0 	269.0 	267.0 
li	34.0 	34.0 	34.0 	33.0 	33.0 	32.0 	32.0 	31.0 	31.0 	31.0 
no	4591.9 	4564.9 	4538.2 	4513.8 	4491.0 	4445.3 	4417.6 	4392.7 	4370.0 	4348.4 
no01	1017.3 	1005.6 	995.3 	985.3 	977.6 	963.4 	953.2 	941.1 	928.6 	917.9 
no02	371.8 	371.9 	371.5 	371.3 	370.6 	368.6 	368.3 	368.4 	369.1 	369.9 
no03	887.0 	882.6 	877.6 	872.6 	866.7 	856.3 	849.1 	841.5 	837.3 	834.3 
no04	655.2 	649.9 	644.8 	638.5 	632.9 	624.5 	618.0 	612.6 	607.7 	603.6 
no05	798.5 	795.0 	791.3 	789.6 	787.8 	782.1 	778.6 	776.5 	774.0 	770.3 
no06	399.6 	397.0 	394.8 	393.0 	391.0 	387.7 	386.0 	385.5 	384.5 	383.8 
no07	462.8 	462.8 	462.8 	463.5 	464.2 	462.8 	464.4 	467.1 	468.8 	468.7 
ch	7389.6 	7339.0 	7289.5 	7226.6 	: 	: 	: 	: 	: 	: 
ch01	1355.4 	1339.6 	1325.5 	1310.3 	: 	: 	: 	: 	: 	: 
ch02	1685.8 	1678.3 	1671.4 	1663.1 	: 	: 	: 	: 	: 	: 
ch03	1014.5 	1008.6 	1002.7 	994.3 	: 	: 	: 	: 	: 	: 
ch04	1255.9 	1245.6 	1235.6 	1218.3 	: 	: 	: 	: 	: 	: 
ch05	1058.1 	1053.8 	1049.1 	1044.6 	: 	: 	: 	: 	: 	: 
ch06	701.4 	696.7 	692.2 	684.4 	: 	: 	: 	: 	: 	: 
ch07	318.6 	316.3 	313.2 	311.7 	: 	: 	: 	: 	: 	: 
